date,股票代码,open,close,high,low,volume,amount,振幅,pct_chg,涨跌额,turnover_rate,code
2023-01-03,000507,5.44,5.48,5.51,5.4,101000,56747348.0,2.01,0.37,0.02,1.12,000507
2023-01-04,000507,5.5,5.54,5.54,5.45,96170,54389702.2,1.64,1.09,0.06,1.07,000507
2023-01-05,000507,5.53,5.88,6.11,5.48,688122,415393269.24,11.37,6.14,0.34,7.63,000507
2023-01-06,000507,5.86,5.74,5.9,5.66,438453,259505205.44,4.08,-2.38,-0.14,4.86,000507
2023-01-09,000507,5.73,5.71,5.84,5.67,245880,144513148.37,2.96,-0.52,-0.03,2.72,000507
2023-01-10,000507,5.73,5.7,5.81,5.66,210722,123604311.0,2.63,-0.18,-0.01,2.34,000507
2023-01-11,000507,5.69,5.61,5.73,5.6,160837,93176898.36,2.28,-1.58,-0.09,1.78,000507
2023-01-12,000507,5.58,5.45,5.6,5.43,195715,110290400.0,3.03,-2.85,-0.16,2.17,000507
2023-01-13,000507,5.46,5.51,5.52,5.42,137933,77647815.16,1.83,1.1,0.06,1.53,000507
2023-01-16,000507,5.5,5.59,5.6,5.47,106684,60926199.67,2.36,1.45,0.08,1.18,000507
2023-01-17,000507,5.59,5.54,5.61,5.53,73423,41987460.71,1.43,-0.89,-0.05,0.81,000507
2023-01-18,000507,5.57,5.54,5.58,5.52,58258,33158121.98,1.08,0.0,0.0,0.65,000507
2023-01-19,000507,5.55,5.57,5.59,5.5,83948,47841694.33,1.62,0.54,0.03,0.93,000507
2023-01-20,000507,5.56,5.68,5.69,5.55,143191,82958852.88,2.51,1.97,0.11,1.59,000507
2023-01-30,000507,5.7,5.71,5.72,5.67,151266,88482409.77,0.88,0.53,0.03,1.68,000507
2023-01-31,000507,5.7,5.75,5.75,5.66,112270,65887020.68,1.58,0.7,0.04,1.24,000507
2023-02-01,000507,5.77,5.77,5.79,5.71,116545,68640000.7,1.39,0.35,0.02,1.29,000507
2023-02-02,000507,5.75,5.72,5.76,5.7,101365,59521626.16,1.04,-0.87,-0.05,1.12,000507
2023-02-03,000507,5.7,5.76,5.9,5.64,215303,126724863.69,4.55,0.7,0.04,2.39,000507
2023-02-06,000507,5.73,5.79,5.87,5.73,245918,146744860.16,2.43,0.52,0.03,2.73,000507
2023-02-07,000507,5.77,5.79,5.79,5.73,132032,78034748.9,1.04,0.0,0.0,1.46,000507
2023-02-08,000507,5.85,5.8,5.92,5.76,197344,117886931.18,2.76,0.17,0.01,2.19,000507
2023-02-09,000507,5.78,5.82,5.82,5.74,135184,80332901.47,1.38,0.34,0.02,1.5,000507
2023-02-10,000507,5.82,5.85,5.87,5.8,148263,88812326.68,1.2,0.52,0.03,1.64,000507
2023-02-13,000507,5.84,5.84,5.88,5.82,117727,70533163.0,1.03,-0.17,-0.01,1.3,000507
2023-02-14,000507,5.84,5.81,5.85,5.79,84980,50652543.37,1.03,-0.51,-0.03,0.94,000507
2023-02-15,000507,5.81,5.76,5.82,5.75,103088,60983662.9,1.2,-0.86,-0.05,1.14,000507
2023-02-16,000507,5.76,5.65,5.81,5.6,139468,81991278.04,3.65,-1.91,-0.11,1.55,000507
2023-02-17,000507,5.72,5.65,5.74,5.64,88030,51327246.0,1.77,0.0,0.0,0.98,000507
2023-02-20,000507,5.65,5.71,5.72,5.62,86878,50601280.8,1.77,1.06,0.06,0.96,000507
2023-02-21,000507,5.72,5.76,5.77,5.7,93365,54958114.6,1.23,0.88,0.05,1.03,000507
2023-02-22,000507,5.75,5.74,5.75,5.71,55079,32402309.0,0.69,-0.35,-0.02,0.61,000507
2023-02-23,000507,5.76,5.73,5.76,5.7,69058,40598443.0,1.05,-0.17,-0.01,0.77,000507
2023-02-24,000507,5.89,5.74,5.94,5.71,249286,148423205.4,4.01,0.17,0.01,2.76,000507
2023-02-27,000507,5.67,5.67,5.77,5.67,116284,68043231.91,1.74,-1.22,-0.07,1.29,000507
2023-02-28,000507,5.67,5.7,5.71,5.65,79717,46483478.68,1.06,0.53,0.03,0.88,000507
2023-03-01,000507,5.68,5.74,5.74,5.67,90460,53036235.2,1.23,0.7,0.04,1.0,000507
2023-03-02,000507,5.75,5.78,5.78,5.72,111157,65685368.64,1.05,0.7,0.04,1.23,000507
2023-03-03,000507,5.78,5.82,5.83,5.76,117565,69950893.92,1.21,0.69,0.04,1.3,000507
2023-03-06,000507,5.83,5.81,5.84,5.79,89662,53485467.56,0.86,-0.17,-0.01,0.99,000507
2023-03-07,000507,5.81,5.72,5.83,5.71,103909,61549309.0,2.07,-1.55,-0.09,1.15,000507
2023-03-08,000507,5.72,5.76,5.76,5.68,57140,33592427.92,1.4,0.7,0.04,0.63,000507
2023-03-09,000507,5.76,5.71,5.8,5.7,77481,45618138.0,1.74,-0.87,-0.05,0.86,000507
2023-03-10,000507,5.69,5.62,5.71,5.61,88035,51023310.0,1.75,-1.58,-0.09,0.98,000507
2023-03-13,000507,5.59,5.64,5.64,5.53,72458,41602848.54,1.96,0.36,0.02,0.8,000507
2023-03-14,000507,5.63,5.56,5.66,5.53,81823,46919679.8,2.3,-1.42,-0.08,0.91,000507
2023-03-15,000507,5.59,5.72,5.72,5.57,111860,65047348.29,2.7,2.88,0.16,1.24,000507
2023-03-16,000507,5.71,5.67,5.77,5.64,93482,54767860.94,2.27,-0.87,-0.05,1.04,000507
2023-03-17,000507,5.71,5.69,5.73,5.67,66324,38802672.0,1.06,0.35,0.02,0.74,000507
2023-03-20,000507,5.71,5.65,5.77,5.63,101580,59394849.59,2.46,-0.7,-0.04,1.13,000507
2023-03-21,000507,5.66,5.65,5.69,5.62,87456,50680726.0,1.24,0.0,0.0,0.97,000507
2023-03-22,000507,5.67,5.66,5.7,5.65,68108,39646481.88,0.88,0.18,0.01,0.75,000507
2023-03-23,000507,5.67,5.66,5.67,5.62,68033,39417424.0,0.88,0.0,0.0,0.75,000507
2023-03-24,000507,5.65,5.61,5.66,5.59,80226,46232352.44,1.24,-0.88,-0.05,0.89,000507
2023-03-27,000507,5.61,5.53,5.62,5.49,104739,59478565.71,2.32,-1.43,-0.08,1.16,000507
2023-03-28,000507,5.55,5.47,5.57,5.45,84657,47609964.2,2.17,-1.08,-0.06,0.94,000507
2023-03-29,000507,5.47,5.41,5.5,5.4,69014,38476221.64,1.83,-1.1,-0.06,0.76,000507
2023-03-30,000507,5.41,5.43,5.44,5.39,59935,33333293.3,0.92,0.37,0.02,0.66,000507
2023-03-31,000507,5.42,5.44,5.46,5.39,58263,32505234.0,1.29,0.18,0.01,0.65,000507
2023-04-03,000507,5.44,5.47,5.48,5.42,67420,37753609.0,1.1,0.55,0.03,0.75,000507
2023-04-04,000507,5.47,5.49,5.52,5.46,98885,55819973.16,1.1,0.37,0.02,1.1,000507
2023-04-06,000507,5.47,5.46,5.49,5.42,82060,45942944.39,1.28,-0.55,-0.03,0.91,000507
2023-04-07,000507,5.46,5.47,5.48,5.43,54393,30529353.28,0.92,0.18,0.01,0.6,000507
2023-04-10,000507,5.48,5.41,5.48,5.39,81616,45370072.22,1.65,-1.1,-0.06,0.9,000507
2023-04-11,000507,5.44,5.41,5.44,5.35,65445,36194431.8,1.66,0.0,0.0,0.73,000507
2023-04-12,000507,5.43,5.51,5.51,5.4,107430,60410282.77,2.03,1.85,0.1,1.19,000507
2023-04-13,000507,5.49,5.52,5.54,5.47,72637,41121039.05,1.27,0.18,0.01,0.8,000507
2023-04-14,000507,5.52,5.54,5.54,5.47,61890,35068659.3,1.27,0.36,0.02,0.69,000507
2023-04-17,000507,5.54,5.6,5.62,5.52,111686,64033375.17,1.81,1.08,0.06,1.24,000507
2023-04-18,000507,5.62,5.62,5.64,5.59,78211,45078635.4,0.89,0.36,0.02,0.87,000507
2023-04-19,000507,5.6,5.61,5.65,5.57,64259,36967132.63,1.42,-0.18,-0.01,0.71,000507
2023-04-20,000507,5.59,5.58,5.61,5.51,62024,35412150.0,1.78,-0.53,-0.03,0.69,000507
2023-04-21,000507,5.59,5.5,5.59,5.49,74965,42640635.0,1.79,-1.43,-0.08,0.83,000507
2023-04-24,000507,5.48,5.44,5.51,5.42,65524,36759101.0,1.64,-1.09,-0.06,0.73,000507
2023-04-25,000507,5.43,5.43,5.5,5.35,77315,43067652.86,2.76,-0.18,-0.01,0.86,000507
2023-04-26,000507,5.4,5.42,5.43,5.35,80816,44768046.47,1.47,-0.18,-0.01,0.9,000507
2023-04-27,000507,5.39,5.4,5.42,5.33,93913,51797394.16,1.66,-0.37,-0.02,1.04,000507
2023-04-28,000507,5.39,5.54,5.55,5.37,102289,57512781.2,3.33,2.59,0.14,1.13,000507
2023-05-04,000507,5.5,5.66,5.71,5.48,141969,81939131.11,4.15,2.17,0.12,1.57,000507
2023-05-05,000507,5.67,5.69,5.74,5.59,117572,68362960.98,2.65,0.53,0.03,1.3,000507
2023-05-08,000507,5.68,5.74,5.8,5.66,160749,94821846.2,2.46,0.88,0.05,1.78,000507
2023-05-09,000507,5.79,5.71,5.91,5.65,262635,156467518.23,4.53,-0.52,-0.03,2.91,000507
2023-05-10,000507,5.66,5.72,5.77,5.66,118394,69514952.0,1.93,0.18,0.01,1.31,000507
2023-05-11,000507,5.72,5.72,5.76,5.68,84764,49782126.24,1.4,0.0,0.0,0.94,000507
2023-05-12,000507,5.7,5.71,5.79,5.69,63579,37455521.04,1.75,-0.17,-0.01,0.7,000507
2023-05-15,000507,5.72,5.76,5.76,5.63,89503,52366304.34,2.28,0.88,0.05,0.99,000507
2023-05-16,000507,5.76,5.71,5.79,5.67,71943,42336859.0,2.08,-0.87,-0.05,0.8,000507
2023-05-17,000507,5.67,5.69,5.73,5.63,65162,37990864.28,1.75,-0.35,-0.02,0.72,000507
2023-05-18,000507,5.68,5.65,5.72,5.65,66385,38703021.2,1.23,-0.7,-0.04,0.74,000507
2023-05-19,000507,5.65,5.59,5.67,5.55,75306,43297490.34,2.12,-1.06,-0.06,0.83,000507
2023-05-22,000507,5.58,5.59,5.65,5.57,54873,31509254.88,1.43,0.0,0.0,0.61,000507
2023-05-23,000507,5.57,5.51,5.6,5.51,64004,36474944.88,1.61,-1.43,-0.08,0.71,000507
2023-05-24,000507,5.48,5.44,5.5,5.43,79595,44698157.09,1.27,-1.27,-0.07,0.88,000507
2023-05-25,000507,5.44,5.44,5.48,5.4,65592,36646361.18,1.47,0.0,0.0,0.73,000507
2023-05-26,000507,5.47,5.46,5.48,5.4,43416,24254718.0,1.47,0.37,0.02,0.48,000507
2023-05-29,000507,5.45,5.5,5.55,5.45,63976,36190226.58,1.83,0.73,0.04,0.71,000507
2023-05-30,000507,5.48,5.49,5.5,5.41,56568,31739515.42,1.64,-0.18,-0.01,0.63,000507
2023-05-31,000507,5.47,5.49,5.51,5.45,44264,24909822.0,1.09,0.0,0.0,0.49,000507
2023-06-01,000507,5.49,5.49,5.52,5.44,39490,22273223.4,1.46,0.0,0.0,0.44,000507
2023-06-02,000507,5.48,5.53,5.55,5.48,45153,25609665.8,1.28,0.73,0.04,0.5,000507
2023-06-05,000507,5.54,5.54,5.57,5.52,49498,28156263.77,0.9,0.18,0.01,0.55,000507
2023-06-06,000507,5.53,5.47,5.55,5.46,36674,20747248.74,1.62,-1.26,-0.07,0.41,000507
2023-06-07,000507,5.5,5.52,5.55,5.47,38222,21634621.12,1.46,0.91,0.05,0.42,000507
2023-06-08,000507,5.52,5.56,5.61,5.51,67134,38279429.3,1.81,0.72,0.04,0.74,000507
2023-06-09,000507,5.54,5.54,5.57,5.52,76517,43575998.46,0.9,-0.36,-0.02,0.85,000507
2023-06-12,000507,5.54,5.5,5.54,5.45,57784,32589115.91,1.62,-0.72,-0.04,0.64,000507
2023-06-13,000507,5.49,5.43,5.51,5.43,66797,37443125.21,1.45,-1.27,-0.07,0.74,000507
2023-06-14,000507,5.43,5.43,5.46,5.41,50656,28275197.4,0.92,0.0,0.0,0.56,000507
2023-06-15,000507,5.44,5.45,5.45,5.4,56961,31723429.48,0.92,0.37,0.02,0.63,000507
2023-06-16,000507,5.46,5.5,5.5,5.44,58379,32828172.0,1.1,0.92,0.05,0.65,000507
2023-06-19,000507,5.49,5.42,5.49,5.4,61803,34481967.0,1.64,-1.45,-0.08,0.68,000507
2023-06-20,000507,5.4,5.37,5.43,5.36,56653,31358512.34,1.29,-0.92,-0.05,0.63,000507
2023-06-21,000507,5.36,5.36,5.4,5.33,58794,32417931.0,1.3,-0.19,-0.01,0.65,000507
2023-06-26,000507,5.35,5.24,5.35,5.21,81338,44078794.0,2.61,-2.24,-0.12,0.9,000507
2023-06-27,000507,5.27,5.35,5.35,5.27,54509,29443306.75,1.53,2.1,0.11,0.6,000507
2023-06-28,000507,5.35,5.39,5.4,5.31,41541,22601769.4,1.68,0.75,0.04,0.46,000507
2023-06-29,000507,5.4,5.39,5.41,5.36,33508,18331766.25,0.93,0.0,0.0,0.37,000507
2023-06-30,000507,5.41,5.45,5.45,5.4,36536,20130086.05,0.93,1.11,0.06,0.4,000507
2023-07-03,000507,5.46,5.47,5.49,5.43,49235,27287537.2,1.1,0.37,0.02,0.55,000507
2023-07-04,000507,5.45,5.45,5.5,5.43,44768,24768033.52,1.28,-0.37,-0.02,0.5,000507
2023-07-05,000507,5.46,5.44,5.47,5.42,34531,19084214.39,0.92,-0.18,-0.01,0.38,000507
2023-07-06,000507,5.43,5.42,5.46,5.41,28293,15593115.04,0.92,-0.37,-0.02,0.31,000507
2023-07-07,000507,5.41,5.44,5.46,5.41,43544,24005538.0,0.92,0.37,0.02,0.48,000507
2023-07-10,000507,5.44,5.45,5.46,5.43,34430,19026124.06,0.55,0.18,0.01,0.38,000507
2023-07-11,000507,5.45,5.47,5.47,5.44,40196,22265427.46,0.55,0.37,0.02,0.45,000507
2023-07-12,000507,5.46,5.42,5.48,5.42,41225,22783339.2,1.1,-0.91,-0.05,0.46,000507
2023-07-13,000507,5.43,5.47,5.47,5.42,43240,23914592.06,0.92,0.92,0.05,0.48,000507
2023-07-14,000507,5.46,5.47,5.49,5.45,40707,22573312.14,0.73,0.0,0.0,0.45,000507
2023-07-17,000507,5.44,5.47,5.47,5.42,47696,26327093.0,0.91,0.0,0.0,0.53,000507
2023-07-18,000507,5.47,5.47,5.49,5.43,39767,22050152.16,1.1,0.0,0.0,0.44,000507
2023-07-19,000507,5.47,5.51,5.51,5.45,53974,30078605.0,1.1,0.73,0.04,0.6,000507
2023-07-20,000507,5.51,5.45,5.51,5.45,42657,23724495.32,1.09,-1.09,-0.06,0.47,000507
2023-07-21,000507,5.45,5.47,5.49,5.44,37366,20764362.51,0.92,0.37,0.02,0.41,000507
2023-07-24,000507,5.48,5.49,5.51,5.45,41321,23011500.04,1.1,0.37,0.02,0.46,000507
2023-07-25,000507,5.5,5.55,5.56,5.5,52359,29385954.44,1.09,1.09,0.06,0.58,000507
2023-07-26,000507,5.55,5.57,5.57,5.53,48309,27237691.63,0.72,0.36,0.02,0.54,000507
2023-07-27,000507,5.58,5.57,5.6,5.55,60248,34086496.0,0.9,0.0,0.0,0.67,000507
2023-07-28,000507,5.58,5.63,5.63,5.56,75891,43134855.6,1.26,1.08,0.06,0.84,000507
2023-07-31,000507,5.66,5.64,5.67,5.62,70230,40167609.0,0.89,0.18,0.01,0.78,000507
2023-08-01,000507,5.64,5.65,5.67,5.63,53316,30539499.52,0.71,0.18,0.01,0.59,000507
2023-08-02,000507,5.65,5.65,5.67,5.63,56015,32093486.84,0.71,0.0,0.0,0.62,000507
2023-08-03,000507,5.63,5.65,5.65,5.6,54192,30936524.0,0.88,0.0,0.0,0.6,000507
2023-08-04,000507,5.65,5.61,5.67,5.6,56938,32492821.5,1.24,-0.71,-0.04,0.63,000507
2023-08-07,000507,5.6,5.54,5.61,5.52,65363,36784489.55,1.6,-1.25,-0.07,0.72,000507
2023-08-08,000507,5.58,5.5,5.59,5.49,45052,25213684.0,1.81,-0.72,-0.04,0.5,000507
2023-08-09,000507,5.5,5.48,5.51,5.47,41100,22880204.0,0.73,-0.36,-0.02,0.46,000507
2023-08-10,000507,5.49,5.55,5.58,5.48,68623,38535536.66,1.82,1.28,0.07,0.76,000507
2023-08-11,000507,5.56,5.45,5.57,5.45,59444,33132162.65,2.16,-1.8,-0.1,0.66,000507
2023-08-14,000507,5.45,5.48,5.49,5.4,52118,28782604.16,1.65,0.55,0.03,0.58,000507
2023-08-15,000507,5.49,5.52,5.53,5.45,53722,29955948.85,1.46,0.73,0.04,0.6,000507
2023-08-16,000507,5.52,5.45,5.52,5.45,38575,21393316.0,1.27,-1.27,-0.07,0.43,000507
2023-08-17,000507,5.46,5.48,5.49,5.41,55670,30712399.0,1.47,0.55,0.03,0.62,000507
2023-08-18,000507,5.47,5.49,5.58,5.46,83959,47081935.8,2.19,0.18,0.01,0.93,000507
2023-08-21,000507,5.5,5.48,5.68,5.47,83034,46632779.81,3.83,-0.18,-0.01,0.92,000507
2023-08-22,000507,5.47,5.4,5.49,5.33,81748,44778974.48,2.92,-1.46,-0.08,0.91,000507
2023-08-23,000507,5.38,5.34,5.41,5.34,41968,22865957.0,1.3,-1.11,-0.06,0.47,000507
2023-08-24,000507,5.33,5.29,5.36,5.27,50916,27419940.0,1.69,-0.94,-0.05,0.56,000507
2023-08-25,000507,5.26,5.29,5.37,5.23,54881,29569168.76,2.65,0.0,0.0,0.61,000507
2023-08-28,000507,5.47,5.38,5.5,5.37,124718,69015642.83,2.46,1.7,0.09,1.38,000507
2023-08-29,000507,5.37,5.4,5.42,5.34,87117,47534134.97,1.49,0.37,0.02,0.97,000507
2023-08-30,000507,5.46,5.42,5.51,5.4,107054,59191261.92,2.04,0.37,0.02,1.19,000507
2023-08-31,000507,5.44,5.34,5.45,5.33,82104,44709005.56,2.21,-1.48,-0.08,0.91,000507
2023-09-01,000507,5.38,5.38,5.44,5.33,82476,44992040.3,2.06,0.75,0.04,0.91,000507
2023-09-04,000507,5.39,5.48,5.49,5.35,94235,52068601.15,2.6,1.86,0.1,1.04,000507
2023-09-05,000507,5.48,5.47,5.52,5.4,82537,45676893.33,2.19,-0.18,-0.01,0.91,000507
2023-09-06,000507,5.45,5.44,5.47,5.42,55330,30506428.8,0.91,-0.55,-0.03,0.61,000507
2023-09-07,000507,5.45,5.39,5.45,5.38,40263,22094114.0,1.29,-0.92,-0.05,0.45,000507
2023-09-08,000507,5.37,5.36,5.4,5.34,42009,22863781.0,1.11,-0.56,-0.03,0.47,000507
2023-09-11,000507,5.36,5.41,5.41,5.35,41395,22637056.34,1.12,0.93,0.05,0.46,000507
2023-09-12,000507,5.4,5.42,5.43,5.38,43266,23753555.5,0.92,0.18,0.01,0.48,000507
2023-09-13,000507,5.44,5.39,5.46,5.38,41440,22791903.0,1.48,-0.55,-0.03,0.46,000507
2023-09-14,000507,5.4,5.42,5.43,5.38,47473,26059671.22,0.93,0.56,0.03,0.53,000507
2023-09-15,000507,5.43,5.46,5.49,5.41,59807,33082142.19,1.48,0.74,0.04,0.66,000507
2023-09-18,000507,5.44,5.45,5.47,5.4,61903,34114918.96,1.28,-0.18,-0.01,0.69,000507
2023-09-19,000507,5.44,5.47,5.49,5.42,59523,33038690.23,1.28,0.37,0.02,0.66,000507
2023-09-20,000507,5.47,5.44,5.48,5.42,61812,34143243.0,1.1,-0.55,-0.03,0.69,000507
2023-09-21,000507,5.42,5.43,5.47,5.42,44789,24725662.0,0.92,-0.18,-0.01,0.5,000507
2023-09-22,000507,5.45,5.46,5.47,5.4,67940,37454299.06,1.29,0.55,0.03,0.75,000507
2023-09-25,000507,5.45,5.45,5.47,5.43,55152,30509582.46,0.73,-0.18,-0.01,0.61,000507
2023-09-26,000507,5.45,5.46,5.48,5.43,53070,29400935.3,0.92,0.18,0.01,0.59,000507
2023-09-27,000507,5.46,5.41,5.48,5.41,59242,32725316.8,1.28,-0.92,-0.05,0.66,000507
2023-09-28,000507,5.42,5.43,5.44,5.38,55332,30377223.9,1.11,0.37,0.02,0.61,000507
2023-10-09,000507,5.42,5.35,5.42,5.34,66713,36295913.83,1.47,-1.47,-0.08,0.74,000507
2023-10-10,000507,5.35,5.29,5.38,5.29,62855,33894653.97,1.68,-1.12,-0.06,0.7,000507
2023-10-11,000507,5.32,5.27,5.32,5.24,60169,32228661.75,1.51,-0.38,-0.02,0.67,000507
2023-10-12,000507,5.29,5.31,5.33,5.28,47282,25477413.18,0.95,0.76,0.04,0.52,000507
2023-10-13,000507,5.29,5.26,5.31,5.25,37013,19837854.76,1.13,-0.94,-0.05,0.41,000507
2023-10-16,000507,5.25,5.27,5.3,5.24,53583,28630609.6,1.14,0.19,0.01,0.59,000507
2023-10-17,000507,5.26,5.25,5.29,5.22,42965,22902017.17,1.33,-0.38,-0.02,0.48,000507
2023-10-18,000507,5.23,5.16,5.24,5.14,50112,26312737.86,1.9,-1.71,-0.09,0.56,000507
2023-10-19,000507,5.13,5.09,5.16,5.07,50080,25998445.11,1.74,-1.36,-0.07,0.55,000507
2023-10-20,000507,5.07,5.09,5.16,5.05,52222,27146211.0,2.16,0.0,0.0,0.58,000507
2023-10-23,000507,5.09,4.98,5.12,4.97,51094,26064045.0,2.95,-2.16,-0.11,0.57,000507
2023-10-24,000507,4.99,5.09,5.11,4.99,54431,27934095.88,2.41,2.21,0.11,0.6,000507
2023-10-25,000507,5.12,5.17,5.19,5.12,50711,26596060.34,1.38,1.57,0.08,0.56,000507
2023-10-26,000507,5.16,5.2,5.21,5.14,46484,24412007.92,1.35,0.58,0.03,0.52,000507
2023-10-27,000507,5.18,5.23,5.26,5.16,52243,27718811.31,1.92,0.58,0.03,0.58,000507
2023-10-30,000507,5.24,5.23,5.28,5.21,43844,23353019.2,1.34,0.0,0.0,0.49,000507
2023-10-31,000507,5.21,5.26,5.26,5.2,61683,32785434.2,1.15,0.57,0.03,0.68,000507
2023-11-01,000507,5.26,5.24,5.26,5.2,49609,26335939.0,1.14,-0.38,-0.02,0.55,000507
2023-11-02,000507,5.25,5.21,5.26,5.21,30200,16063482.5,0.95,-0.57,-0.03,0.33,000507
2023-11-03,000507,5.22,5.21,5.24,5.2,42373,22462523.0,0.77,0.0,0.0,0.47,000507
2023-11-06,000507,5.22,5.28,5.28,5.2,67780,36093258.4,1.54,1.34,0.07,0.75,000507
2023-11-07,000507,5.27,5.26,5.27,5.22,43287,23056035.0,0.95,-0.38,-0.02,0.48,000507
2023-11-08,000507,5.24,5.22,5.26,5.2,42172,22379429.0,1.14,-0.76,-0.04,0.47,000507
2023-11-09,000507,5.21,5.18,5.23,5.17,52010,27439340.01,1.15,-0.77,-0.04,0.58,000507
2023-11-10,000507,5.18,5.37,5.37,5.15,154394,82722362.95,4.25,3.67,0.19,1.71,000507
2023-11-13,000507,5.32,5.31,5.36,5.26,129776,69713938.04,1.86,-1.12,-0.06,1.44,000507
2023-11-14,000507,5.29,5.32,5.34,5.29,74553,40201955.4,0.94,0.19,0.01,0.83,000507
2023-11-15,000507,5.31,5.37,5.43,5.31,112190,61180615.0,2.26,0.94,0.05,1.24,000507
2023-11-16,000507,5.36,5.43,5.46,5.34,100822,55350204.0,2.23,1.12,0.06,1.12,000507
2023-11-17,000507,5.4,5.4,5.43,5.37,60692,33204698.3,1.1,-0.55,-0.03,0.67,000507
2023-11-20,000507,5.4,5.39,5.42,5.36,54337,29674058.43,1.11,-0.19,-0.01,0.6,000507
2023-11-21,000507,5.39,5.4,5.44,5.38,58366,32047494.8,1.11,0.19,0.01,0.65,000507
2023-11-22,000507,5.41,5.41,5.46,5.39,62237,34281940.0,1.3,0.19,0.01,0.69,000507
2023-11-23,000507,5.39,5.43,5.44,5.38,44086,24230376.0,1.11,0.37,0.02,0.49,000507
2023-11-24,000507,5.44,5.42,5.45,5.39,55524,30557237.0,1.1,-0.18,-0.01,0.62,000507
2023-11-27,000507,5.44,5.45,5.47,5.37,72337,39837702.22,1.85,0.55,0.03,0.8,000507
2023-11-28,000507,5.43,5.45,5.46,5.41,44834,24728342.59,0.92,0.0,0.0,0.5,000507
2023-11-29,000507,5.44,5.45,5.47,5.43,42546,23526421.0,0.73,0.0,0.0,0.47,000507
2023-11-30,000507,5.44,5.45,5.49,5.42,52984,29375839.52,1.28,0.0,0.0,0.59,000507
2023-12-01,000507,5.45,5.48,5.5,5.44,42415,23565366.54,1.1,0.55,0.03,0.47,000507
2023-12-04,000507,5.48,5.52,5.52,5.47,56896,31744327.58,0.91,0.73,0.04,0.63,000507
2023-12-05,000507,5.52,5.45,5.52,5.44,71694,39916008.16,1.45,-1.27,-0.07,0.79,000507
2023-12-06,000507,5.45,5.48,5.5,5.43,51121,28399504.82,1.28,0.55,0.03,0.57,000507
2023-12-07,000507,5.49,5.47,5.53,5.45,52305,29063656.12,1.46,-0.18,-0.01,0.58,000507
2023-12-08,000507,5.47,5.38,5.48,5.37,68417,37575692.8,2.01,-1.65,-0.09,0.76,000507
2023-12-11,000507,5.35,5.44,5.44,5.27,83836,45622986.48,3.16,1.12,0.06,0.93,000507
2023-12-12,000507,5.43,5.47,5.48,5.4,55456,30573723.0,1.47,0.55,0.03,0.61,000507
2023-12-13,000507,5.45,5.48,5.57,5.44,78509,43808189.56,2.38,0.18,0.01,0.87,000507
2023-12-14,000507,5.56,5.49,5.6,5.47,148362,83050203.4,2.37,0.18,0.01,1.64,000507
2023-12-15,000507,5.47,5.43,5.49,5.42,89529,49482041.5,1.28,-1.09,-0.06,0.99,000507
2023-12-18,000507,5.42,5.43,5.49,5.38,75908,41771498.96,2.03,0.0,0.0,0.84,000507
2023-12-19,000507,5.43,5.34,5.43,5.29,77924,42137732.08,2.58,-1.66,-0.09,0.86,000507
2023-12-20,000507,5.33,5.32,5.37,5.3,49863,26973872.28,1.31,-0.37,-0.02,0.55,000507
2023-12-21,000507,5.24,5.31,5.33,5.2,55542,29695153.01,2.44,-0.19,-0.01,0.62,000507
2023-12-22,000507,5.32,5.3,5.36,5.28,57902,31218646.0,1.51,-0.19,-0.01,0.64,000507
2023-12-25,000507,5.28,5.4,5.6,5.16,180708,98565184.62,8.3,1.89,0.1,2.0,000507
2023-12-26,000507,5.32,5.18,5.42,5.14,182047,97345203.91,5.19,-4.07,-0.22,2.02,000507
2023-12-27,000507,5.18,5.16,5.22,5.12,71032,37220008.45,1.93,-0.39,-0.02,0.79,000507
2023-12-28,000507,5.15,5.22,5.26,5.11,76975,40603633.0,2.91,1.16,0.06,0.85,000507
2023-12-29,000507,5.22,5.18,5.24,5.17,81835,43183891.0,1.34,-0.77,-0.04,0.91,000507
2024-01-02,000507,5.17,5.29,5.32,5.16,94923,50786062.42,3.09,2.12,0.11,1.05,000507
2024-01-03,000507,5.29,5.33,5.34,5.27,59982,32312836.56,1.32,0.76,0.04,0.66,000507
2024-01-04,000507,5.34,5.35,5.37,5.29,46314,25019660.0,1.5,0.38,0.02,0.51,000507
2024-01-05,000507,5.34,5.31,5.39,5.25,63213,34321094.15,2.62,-0.75,-0.04,0.7,000507
2024-01-08,000507,5.32,5.2,5.33,5.2,61591,32810450.0,2.45,-2.07,-0.11,0.68,000507
2024-01-09,000507,5.21,5.26,5.28,5.16,50899,27085924.36,2.31,1.15,0.06,0.56,000507
2024-01-10,000507,5.25,5.24,5.27,5.19,38841,20667796.0,1.52,-0.38,-0.02,0.43,000507
2024-01-11,000507,5.23,5.23,5.27,5.2,44551,23696062.0,1.34,-0.19,-0.01,0.49,000507
2024-01-12,000507,5.22,5.26,5.3,5.21,58396,31261098.0,1.72,0.57,0.03,0.65,000507
2024-01-15,000507,5.25,5.25,5.3,5.23,58154,31042479.6,1.33,-0.19,-0.01,0.64,000507
2024-01-16,000507,5.23,5.25,5.25,5.15,67228,35513590.28,1.9,0.0,0.0,0.75,000507
2024-01-17,000507,5.24,5.14,5.25,5.14,54340,28720757.0,2.1,-2.1,-0.11,0.6,000507
2024-01-18,000507,5.09,5.0,5.13,4.88,141741,71569098.39,4.86,-2.72,-0.14,1.57,000507
2024-01-19,000507,4.99,4.96,5.04,4.94,71290,36138311.0,2.0,-0.8,-0.04,0.79,000507
2024-01-22,000507,4.94,4.67,4.96,4.64,104696,51130792.0,6.45,-5.85,-0.29,1.16,000507
2024-01-23,000507,4.66,4.67,4.69,4.55,90315,42525452.52,3.0,0.0,0.0,1.0,000507
2024-01-24,000507,4.65,4.86,4.87,4.65,108751,52606960.66,4.71,4.07,0.19,1.21,000507
2024-01-25,000507,4.88,5.02,5.03,4.85,87353,44075529.61,3.7,3.29,0.16,0.97,000507
2024-01-26,000507,5.02,5.18,5.19,5.0,108026,56362679.59,3.78,3.19,0.16,1.2,000507
2024-01-29,000507,5.15,5.1,5.2,5.08,82061,42763961.72,2.32,-1.54,-0.08,0.91,000507
2024-01-30,000507,5.62,5.19,5.62,5.11,635146,351906123.41,10.0,1.76,0.09,7.04,000507
2024-01-31,000507,4.86,4.81,5.02,4.79,448520,223515250.18,4.43,-7.32,-0.38,4.97,000507
2024-02-01,000507,4.75,4.77,5.02,4.75,264568,131051883.68,5.61,-0.83,-0.04,2.93,000507
2024-02-02,000507,4.82,4.61,4.87,4.44,244915,117316488.37,9.01,-3.35,-0.16,2.71,000507
2024-02-05,000507,4.58,4.28,4.6,4.18,209336,92744149.59,9.11,-7.16,-0.33,2.32,000507
2024-02-06,000507,4.25,4.45,4.62,4.09,163673,71718375.88,12.38,3.97,0.17,1.81,000507
2024-02-07,000507,4.42,4.41,4.46,4.33,172339,77199236.8,2.92,-0.9,-0.04,1.91,000507
2024-02-08,000507,4.42,4.63,4.65,4.38,205030,94383594.63,6.12,4.99,0.22,2.27,000507
2024-02-19,000507,4.72,4.7,4.79,4.66,173401,83149548.27,2.81,1.51,0.07,1.92,000507
2024-02-20,000507,4.66,4.69,4.71,4.6,114592,54222952.4,2.34,-0.21,-0.01,1.27,000507
2024-02-21,000507,4.64,4.73,4.8,4.63,149615,71923535.81,3.62,0.85,0.04,1.66,000507
2024-02-22,000507,4.72,4.74,4.78,4.68,108719,52260929.8,2.11,0.21,0.01,1.2,000507
2024-02-23,000507,4.74,4.78,4.78,4.68,107642,51835033.76,2.11,0.84,0.04,1.19,000507
2024-02-26,000507,4.78,4.83,4.89,4.76,135764,66521119.42,2.72,1.05,0.05,1.5,000507
2024-02-27,000507,4.81,4.95,4.96,4.81,122767,61071864.29,3.11,2.48,0.12,1.36,000507
2024-02-28,000507,4.93,4.8,4.99,4.78,171755,85231692.29,4.24,-3.03,-0.15,1.9,000507
2024-02-29,000507,4.8,4.93,4.93,4.78,130925,64491887.94,3.13,2.71,0.13,1.45,000507
2024-03-01,000507,4.9,4.82,4.92,4.8,163270,80192323.14,2.43,-2.23,-0.11,1.81,000507
2024-03-04,000507,4.79,4.76,4.82,4.72,95555,46187210.1,2.07,-1.24,-0.06,1.06,000507
2024-03-05,000507,4.75,4.67,4.75,4.66,79614,37976472.5,1.89,-1.89,-0.09,0.88,000507
2024-03-06,000507,4.66,4.67,4.73,4.65,58322,27787016.34,1.71,0.0,0.0,0.65,000507
2024-03-07,000507,4.67,4.66,4.72,4.66,59911,28554656.83,1.28,-0.21,-0.01,0.66,000507
2024-03-08,000507,4.67,4.68,4.7,4.65,37822,17981726.86,1.07,0.43,0.02,0.42,000507
2024-03-11,000507,4.7,4.73,4.73,4.67,70321,33642365.82,1.28,1.07,0.05,0.78,000507
2024-03-12,000507,4.73,4.76,4.77,4.69,91046,43751388.6,1.69,0.63,0.03,1.01,000507
2024-03-13,000507,4.76,4.72,4.77,4.7,65851,31650745.8,1.47,-0.84,-0.04,0.73,000507
2024-03-14,000507,4.71,5.2,5.2,4.7,562178,290318980.81,10.59,10.17,0.48,6.23,000507
2024-03-15,000507,5.07,5.07,5.19,4.99,584340,302300471.02,3.85,-2.5,-0.13,6.48,000507
2024-03-18,000507,5.02,5.05,5.11,5.0,267255,136841983.07,2.17,-0.39,-0.02,2.96,000507
2024-03-19,000507,5.05,4.98,5.05,4.96,189580,96213311.17,1.78,-1.39,-0.07,2.1,000507
2024-03-20,000507,4.96,4.97,4.98,4.94,118284,59630952.04,0.8,-0.2,-0.01,1.31,000507
2024-03-21,000507,4.97,4.94,4.98,4.92,121715,61137167.44,1.21,-0.6,-0.03,1.35,000507
2024-03-22,000507,4.92,4.87,4.93,4.84,110228,54637027.59,1.82,-1.42,-0.07,1.22,000507
2024-03-25,000507,4.84,4.89,4.96,4.83,133223,66538426.83,2.67,0.41,0.02,1.48,000507
2024-03-26,000507,4.89,4.93,4.93,4.84,87820,43591872.94,1.84,0.82,0.04,0.97,000507
2024-03-27,000507,4.92,4.83,4.95,4.82,87501,43419772.0,2.64,-2.03,-0.1,0.97,000507
2024-03-28,000507,4.86,4.87,4.9,4.82,80006,39550899.0,1.66,0.83,0.04,0.89,000507
2024-03-29,000507,4.86,4.94,4.94,4.85,75032,37350303.68,1.85,1.44,0.07,0.83,000507
2024-04-01,000507,4.92,4.97,4.97,4.91,92456,46469943.07,1.21,0.61,0.03,1.02,000507
2024-04-02,000507,4.97,4.97,4.98,4.93,94118,47380744.46,1.01,0.0,0.0,1.04,000507
2024-04-03,000507,4.96,4.98,5.03,4.95,99741,50461526.84,1.61,0.2,0.01,1.11,000507
2024-04-08,000507,4.97,4.92,5.01,4.91,95555,48173009.1,2.01,-1.2,-0.06,1.06,000507
2024-04-09,000507,4.92,4.93,4.94,4.88,73028,36469136.14,1.22,0.2,0.01,0.81,000507
2024-04-10,000507,4.92,4.88,4.95,4.85,75631,37630691.41,2.03,-1.01,-0.05,0.84,000507
2024-04-11,000507,4.84,4.92,4.96,4.82,72539,36202429.98,2.87,0.82,0.04,0.8,000507
2024-04-12,000507,4.91,4.91,5.0,4.9,115850,58225974.0,2.03,-0.2,-0.01,1.28,000507
2024-04-15,000507,4.87,4.88,4.95,4.72,137749,68077569.3,4.68,-0.61,-0.03,1.53,000507
2024-04-16,000507,4.84,4.65,4.85,4.64,137536,66212366.68,4.3,-4.71,-0.23,1.52,000507
2024-04-17,000507,4.65,4.81,4.81,4.65,102125,49374184.6,3.44,3.44,0.16,1.13,000507
2024-04-18,000507,4.8,4.78,4.82,4.77,80054,38996140.0,1.04,-0.62,-0.03,0.89,000507
2024-04-19,000507,4.75,4.81,4.87,4.74,83745,41063478.09,2.72,0.63,0.03,0.93,000507
2024-04-22,000507,4.82,4.76,4.83,4.75,62274,30287065.0,1.66,-1.04,-0.05,0.69,000507
2024-04-23,000507,4.76,4.77,4.79,4.74,41294,20001051.0,1.05,0.21,0.01,0.46,000507
2024-04-24,000507,4.77,4.8,4.8,4.76,43048,20946920.98,0.84,0.63,0.03,0.48,000507
2024-04-25,000507,4.77,4.83,4.85,4.77,55242,27076501.0,1.67,0.63,0.03,0.61,000507
2024-04-26,000507,4.82,4.87,4.87,4.78,78960,38714802.73,1.86,0.83,0.04,0.88,000507
2024-04-29,000507,4.82,4.9,4.91,4.8,107569,53162147.91,2.26,0.62,0.03,1.19,000507
2024-04-30,000507,4.88,4.84,4.89,4.8,98454,48444212.3,1.84,-1.22,-0.06,1.09,000507
2024-05-06,000507,4.89,4.94,4.96,4.86,116991,58373288.0,2.07,2.07,0.1,1.3,000507
2024-05-07,000507,4.92,4.92,4.93,4.89,58060,28977541.98,0.81,-0.4,-0.02,0.64,000507
2024-05-08,000507,4.91,4.9,4.95,4.89,69508,34780424.84,1.22,-0.41,-0.02,0.77,000507
2024-05-09,000507,4.91,4.98,5.03,4.9,153241,77551666.01,2.65,1.63,0.08,1.7,000507
2024-05-10,000507,4.96,4.96,4.98,4.91,79687,40064021.0,1.41,-0.4,-0.02,0.88,000507
2024-05-13,000507,4.95,4.99,4.99,4.9,93123,46935001.16,1.81,0.6,0.03,1.03,000507
2024-05-14,000507,4.99,4.98,5.0,4.96,66903,33860636.5,0.8,-0.2,-0.01,0.74,000507
2024-05-15,000507,4.98,4.91,4.98,4.91,57976,29112583.24,1.41,-1.41,-0.07,0.64,000507
2024-05-16,000507,4.93,4.92,4.96,4.91,54691,27405122.86,1.02,0.2,0.01,0.61,000507
2024-05-17,000507,4.93,4.95,4.96,4.9,52171,26150331.0,1.22,0.61,0.03,0.58,000507
2024-05-20,000507,4.92,4.98,4.98,4.91,84405,42548138.0,1.41,0.61,0.03,0.94,000507
2024-05-21,000507,4.98,4.94,4.98,4.92,41849,21021423.0,1.2,-0.8,-0.04,0.46,000507
2024-05-22,000507,4.96,4.94,4.96,4.93,48917,24581387.32,0.61,0.0,0.0,0.54,000507
2024-05-23,000507,4.93,4.93,5.06,4.86,151316,76019361.01,4.05,-0.2,-0.01,1.68,000507
2024-05-24,000507,4.85,4.83,4.91,4.83,100832,49905207.0,1.62,-2.03,-0.1,1.12,000507
2024-05-27,000507,4.84,4.88,4.89,4.84,56306,27831855.37,1.04,1.04,0.05,0.62,000507
2024-05-28,000507,4.87,4.86,4.88,4.84,46405,22920684.76,0.82,-0.41,-0.02,0.51,000507
2024-05-29,000507,4.86,4.85,4.89,4.82,43346,21313293.86,1.44,-0.21,-0.01,0.48,000507
2024-05-30,000507,4.83,4.81,4.87,4.8,46994,22979595.0,1.44,-0.82,-0.04,0.52,000507
2024-05-31,000507,4.8,4.81,4.83,4.8,38129,18566557.0,0.62,0.0,0.0,0.42,000507
2024-06-03,000507,4.77,4.67,4.78,4.64,93881,44560901.61,2.91,-2.91,-0.14,1.04,000507
2024-06-04,000507,4.64,4.69,4.7,4.59,65520,30867673.52,2.36,0.43,0.02,0.73,000507
2024-06-05,000507,4.69,4.58,4.7,4.58,47746,22412098.0,2.56,-2.35,-0.11,0.53,000507
2024-06-06,000507,4.59,4.46,4.62,4.42,84786,38580294.04,4.37,-2.62,-0.12,0.94,000507
2024-06-07,000507,4.47,4.6,4.6,4.47,53920,24821165.14,2.91,3.14,0.14,0.6,000507
2024-06-11,000507,4.62,4.55,4.62,4.49,61466,28194633.1,2.83,-1.09,-0.05,0.68,000507
2024-06-12,000507,4.53,4.56,4.57,4.51,31456,14487837.8,1.32,0.22,0.01,0.35,000507
2024-06-13,000507,4.55,4.51,4.56,4.49,29947,13704814.0,1.54,-1.1,-0.05,0.33,000507
2024-06-14,000507,4.49,4.49,4.52,4.45,40977,18608098.65,1.55,-0.44,-0.02,0.45,000507
2024-06-17,000507,4.47,4.45,4.48,4.42,35122,15852431.5,1.34,-0.89,-0.04,0.39,000507
2024-06-18,000507,4.44,4.49,4.5,4.43,34027,15408076.76,1.57,0.9,0.04,0.38,000507
2024-06-19,000507,4.49,4.45,4.49,4.45,18354,8306058.19,0.89,-0.89,-0.04,0.2,000507
2024-06-20,000507,4.46,4.38,4.47,4.36,45104,20104430.0,2.47,-1.57,-0.07,0.5,000507
2024-06-21,000507,4.4,4.39,4.44,4.37,26975,12047403.85,1.6,0.23,0.01,0.3,000507
2024-06-24,000507,4.37,4.27,4.37,4.26,48776,21283403.85,2.51,-2.73,-0.12,0.54,000507
2024-06-25,000507,4.3,4.32,4.37,4.28,30389,13317833.0,2.11,1.17,0.05,0.34,000507
2024-06-26,000507,4.31,4.37,4.38,4.29,29285,12852772.95,2.08,1.16,0.05,0.32,000507
2024-06-27,000507,4.37,4.33,4.39,4.32,22136,9765545.88,1.6,-0.92,-0.04,0.25,000507
2024-06-28,000507,4.34,4.37,4.41,4.33,29702,13185827.7,1.85,0.92,0.04,0.33,000507
2024-07-01,000507,4.38,4.43,4.43,4.36,27877,12438049.8,1.6,1.37,0.06,0.31,000507
2024-07-02,000507,4.42,4.47,4.5,4.41,36834,16693338.7,2.03,0.9,0.04,0.41,000507
2024-07-03,000507,4.48,4.47,4.51,4.46,28333,12872520.6,1.12,0.0,0.0,0.31,000507
2024-07-04,000507,4.48,4.4,4.49,4.37,36297,16240283.33,2.68,-1.57,-0.07,0.4,000507
2024-07-05,000507,4.41,4.41,4.43,4.35,22669,10105180.15,1.82,0.23,0.01,0.25,000507
2024-07-08,000507,4.4,4.33,4.42,4.33,26976,11920868.83,2.04,-1.81,-0.08,0.3,000507
2024-07-09,000507,4.33,4.38,4.4,4.27,38116,16801247.36,3.0,1.15,0.05,0.42,000507
2024-07-10,000507,4.35,4.34,4.41,4.34,29906,13232518.35,1.6,-0.91,-0.04,0.33,000507
2024-07-11,000507,4.39,4.43,4.44,4.38,41782,18685282.22,1.38,2.07,0.09,0.46,000507
2024-07-12,000507,4.44,4.45,4.47,4.42,32567,14688753.98,1.13,0.45,0.02,0.36,000507
2024-07-15,000507,4.45,4.41,4.45,4.4,25454,11404307.0,1.12,-0.9,-0.04,0.28,000507
2024-07-16,000507,4.41,4.42,4.42,4.39,19549,8730670.0,0.68,0.23,0.01,0.22,000507
2024-07-17,000507,4.41,4.4,4.42,4.39,20330,9068177.21,0.68,-0.45,-0.02,0.23,000507
2024-07-18,000507,4.38,4.41,4.41,4.32,26740,11821085.4,2.05,0.23,0.01,0.3,000507
2024-07-19,000507,4.39,4.4,4.42,4.35,27383,12192603.84,1.59,-0.23,-0.01,0.3,000507
2024-07-22,000507,4.4,4.4,4.42,4.37,27485,12250604.6,1.14,0.0,0.0,0.3,000507
2024-07-23,000507,4.41,4.36,4.46,4.35,42190,18908977.2,2.5,-0.91,-0.04,0.47,000507
2024-07-24,000507,4.36,4.37,4.42,4.34,30911,13719170.0,1.83,0.23,0.01,0.34,000507
2024-07-25,000507,4.38,4.42,4.44,4.35,34662,15483653.7,2.06,1.14,0.05,0.38,000507
2024-07-26,000507,4.42,4.44,4.45,4.41,27089,12163358.0,0.9,0.45,0.02,0.3,000507
2024-07-29,000507,4.42,4.45,4.46,4.41,31533,14209173.0,1.13,0.23,0.01,0.35,000507
2024-07-30,000507,4.45,4.5,4.51,4.43,36482,16535187.2,1.8,1.12,0.05,0.4,000507
2024-07-31,000507,4.5,4.58,4.58,4.5,71263,32899976.9,1.78,1.78,0.08,0.79,000507
2024-08-01,000507,4.58,4.57,4.61,4.55,51425,23798986.82,1.31,-0.22,-0.01,0.57,000507
2024-08-02,000507,4.55,4.58,4.61,4.53,52784,24498578.96,1.75,0.22,0.01,0.58,000507
2024-08-05,000507,4.57,4.51,4.6,4.48,47893,22063939.2,2.62,-1.53,-0.07,0.53,000507
2024-08-06,000507,4.54,4.53,4.56,4.49,45882,21048330.2,1.55,0.44,0.02,0.51,000507
2024-08-07,000507,4.52,4.48,4.53,4.48,33514,15267693.8,1.1,-1.1,-0.05,0.37,000507
2024-08-08,000507,4.47,4.48,4.51,4.46,42393,19281987.45,1.12,0.0,0.0,0.47,000507
2024-08-09,000507,4.5,4.47,4.52,4.46,25471,11585050.0,1.34,-0.22,-0.01,0.28,000507
2024-08-12,000507,4.48,4.48,4.5,4.46,32769,14863552.79,0.89,0.22,0.01,0.36,000507
2024-08-13,000507,4.5,4.48,4.5,4.45,30640,13888865.22,1.12,0.0,0.0,0.34,000507
2024-08-14,000507,4.49,4.46,4.5,4.46,23591,10701947.0,0.89,-0.45,-0.02,0.26,000507
2024-08-15,000507,4.46,4.47,4.49,4.42,32997,14924981.9,1.57,0.22,0.01,0.37,000507
2024-08-16,000507,4.49,4.43,4.5,4.43,28528,12906157.0,1.57,-0.89,-0.04,0.32,000507
2024-08-19,000507,4.43,4.46,4.5,4.42,38669,17477125.38,1.81,0.68,0.03,0.43,000507
2024-08-20,000507,4.46,4.38,4.46,4.37,31900,14219724.16,2.02,-1.79,-0.08,0.35,000507
2024-08-21,000507,4.39,4.36,4.39,4.34,23293,10309028.0,1.14,-0.46,-0.02,0.26,000507
2024-08-22,000507,4.36,4.34,4.39,4.32,31034,13701671.28,1.61,-0.46,-0.02,0.34,000507
2024-08-23,000507,4.34,4.29,4.34,4.27,41267,17975997.0,1.61,-1.15,-0.05,0.46,000507
2024-08-26,000507,4.27,4.31,4.32,4.27,32554,14213585.8,1.17,0.47,0.02,0.36,000507
2024-08-27,000507,4.31,4.31,4.34,4.28,22788,9948457.0,1.39,0.0,0.0,0.25,000507
2024-08-28,000507,4.3,4.29,4.32,4.28,25254,10996132.48,0.93,-0.46,-0.02,0.28,000507
2024-08-29,000507,4.28,4.27,4.29,4.24,40853,17644624.4,1.17,-0.47,-0.02,0.45,000507
2024-08-30,000507,4.25,4.32,4.36,4.25,58096,25363727.0,2.58,1.17,0.05,0.64,000507
2024-09-02,000507,4.36,4.4,4.51,4.36,128003,57601396.11,3.47,1.85,0.08,1.42,000507
2024-09-03,000507,4.41,4.39,4.45,4.36,51219,22788763.48,2.05,-0.23,-0.01,0.57,000507
2024-09-04,000507,4.37,4.37,4.41,4.36,32619,14485580.82,1.14,-0.46,-0.02,0.36,000507
2024-09-05,000507,4.36,4.38,4.38,4.35,33462,14810026.01,0.69,0.23,0.01,0.37,000507
2024-09-06,000507,4.38,4.38,4.43,4.37,29372,13101908.21,1.37,0.0,0.0,0.33,000507
2024-09-09,000507,4.39,4.36,4.4,4.34,23540,10418419.59,1.37,-0.46,-0.02,0.26,000507
2024-09-10,000507,4.44,4.36,4.45,4.29,44819,19728119.0,3.67,0.0,0.0,0.5,000507
2024-09-11,000507,4.34,4.3,4.34,4.28,27619,12061219.0,1.38,-1.38,-0.06,0.31,000507
2024-09-12,000507,4.3,4.35,4.36,4.3,37305,16395454.4,1.4,1.16,0.05,0.41,000507
2024-09-13,000507,4.35,4.33,4.37,4.32,29786,13115245.38,1.15,-0.46,-0.02,0.33,000507
2024-09-18,000507,4.33,4.28,4.34,4.22,36155,15630550.08,2.77,-1.15,-0.05,0.4,000507
2024-09-19,000507,4.28,4.34,4.37,4.25,46004,20157091.84,2.8,1.4,0.06,0.51,000507
2024-09-20,000507,4.35,4.35,4.37,4.29,34649,15231225.36,1.84,0.23,0.01,0.38,000507
2024-09-23,000507,4.35,4.38,4.39,4.33,36024,15944080.62,1.38,0.69,0.03,0.4,000507
2024-09-24,000507,4.39,4.47,4.48,4.39,68823,31041929.0,2.05,2.05,0.09,0.76,000507
2024-09-25,000507,4.5,4.52,4.59,4.5,97873,45069477.24,2.01,1.12,0.05,1.08,000507
2024-09-26,000507,4.54,4.61,4.62,4.5,76715,35452613.07,2.65,1.99,0.09,0.85,000507
2024-09-27,000507,4.66,4.73,4.78,4.64,157148,74693360.4,3.04,2.6,0.12,1.74,000507
2024-09-30,000507,4.86,5.06,5.11,4.79,361057,181231625.49,6.77,6.98,0.33,4.0,000507
2024-10-08,000507,5.56,5.18,5.56,5.04,403096,214051368.67,10.28,2.37,0.12,4.47,000507
2024-10-09,000507,5.11,4.86,5.11,4.8,230144,115037193.8,5.98,-6.18,-0.32,2.55,000507
2024-10-10,000507,4.9,4.92,5.04,4.81,183528,91630711.72,4.73,1.23,0.06,2.03,000507
2024-10-11,000507,4.92,4.84,4.98,4.81,114193,56551892.41,3.46,-1.63,-0.08,1.27,000507
2024-10-14,000507,4.86,4.87,4.89,4.82,95741,47085352.0,1.45,0.62,0.03,1.06,000507
2024-10-15,000507,4.86,4.81,4.89,4.8,77183,37909859.65,1.85,-1.23,-0.06,0.86,000507
2024-10-16,000507,4.77,4.83,4.87,4.76,85116,41638285.02,2.29,0.42,0.02,0.94,000507
2024-10-17,000507,4.83,4.76,4.86,4.76,74679,36319657.18,2.07,-1.45,-0.07,0.83,000507
2024-10-18,000507,4.76,4.82,4.85,4.7,113139,54721392.0,3.15,1.26,0.06,1.25,000507
2024-10-21,000507,4.82,4.8,4.84,4.78,95456,46449929.6,1.24,-0.41,-0.02,1.06,000507
2024-10-22,000507,4.79,4.84,4.84,4.78,73972,36089081.0,1.25,0.83,0.04,0.82,000507
2024-10-23,000507,4.85,4.85,4.89,4.82,103459,50897779.0,1.45,0.21,0.01,1.15,000507
2024-10-24,000507,4.83,4.85,4.86,4.81,56911,27869465.92,1.03,0.0,0.0,0.63,000507
2024-10-25,000507,4.86,4.88,4.89,4.84,105843,52149427.45,1.03,0.62,0.03,1.17,000507
2024-10-28,000507,4.89,4.99,4.99,4.86,144856,72292462.66,2.66,2.25,0.11,1.61,000507
2024-10-29,000507,4.99,4.91,5.0,4.88,116538,58142837.4,2.4,-1.6,-0.08,1.29,000507
2024-10-30,000507,4.9,4.92,4.95,4.88,70071,34839858.72,1.43,0.2,0.01,0.78,000507
2024-10-31,000507,4.92,4.94,4.98,4.91,122544,61381247.77,1.42,0.41,0.02,1.36,000507
2024-11-01,000507,4.93,4.9,4.96,4.87,102150,50854122.77,1.82,-0.81,-0.04,1.13,000507
2024-11-04,000507,4.91,4.92,4.92,4.87,82048,40645785.0,1.02,0.41,0.02,0.91,000507
2024-11-05,000507,4.93,4.98,4.99,4.89,162135,81347600.83,2.03,1.22,0.06,1.8,000507
2024-11-06,000507,4.98,4.99,5.0,4.94,140310,70692264.4,1.2,0.2,0.01,1.55,000507
2024-11-07,000507,4.97,5.11,5.11,4.95,213707,109451517.86,3.21,2.4,0.12,2.37,000507
2024-11-08,000507,5.14,5.1,5.2,5.04,233277,120379287.98,3.13,-0.2,-0.01,2.59,000507
2024-11-11,000507,5.07,5.12,5.17,5.06,139296,71861819.84,2.16,0.39,0.02,1.54,000507
2024-11-12,000507,5.13,5.1,5.18,5.06,166581,86362157.7,2.34,-0.39,-0.02,1.85,000507
2024-11-13,000507,5.08,5.09,5.13,5.03,96485,49575454.54,1.96,-0.2,-0.01,1.07,000507
2024-11-14,000507,5.06,5.01,5.09,4.99,77778,39690549.2,1.96,-1.57,-0.08,0.86,000507
2024-11-15,000507,5.01,4.96,5.06,4.95,89011,45120226.65,2.2,-1.0,-0.05,0.99,000507
2024-11-18,000507,5.0,5.08,5.22,5.0,261611,135120154.05,4.44,2.42,0.12,2.9,000507
2024-11-19,000507,5.06,5.05,5.1,4.97,164042,83390948.16,2.56,-0.59,-0.03,1.82,000507
2024-11-20,000507,5.03,5.2,5.3,5.0,317525,165741285.85,5.94,2.97,0.15,3.52,000507
2024-11-21,000507,5.14,5.13,5.17,5.09,178542,92484702.59,1.54,-1.35,-0.07,1.98,000507
2024-11-22,000507,5.13,4.99,5.18,4.97,151141,77722248.6,4.09,-2.73,-0.14,1.67,000507
2024-11-25,000507,4.97,5.04,5.07,4.95,120838,61327979.22,2.4,1.0,0.05,1.34,000507
2024-11-26,000507,5.02,5.28,5.55,5.01,619247,337137799.9,10.71,4.76,0.24,6.86,000507
2024-11-27,000507,5.17,5.25,5.33,5.11,432122,226973425.4,4.17,-0.57,-0.03,4.79,000507
2024-11-28,000507,5.24,5.33,5.42,5.21,346061,186063223.39,4.0,1.52,0.08,3.84,000507
2024-11-29,000507,5.33,5.32,5.43,5.28,257756,139184753.92,2.81,-0.19,-0.01,2.86,000507
2024-12-02,000507,5.32,5.53,5.71,5.24,543915,301731887.26,8.83,3.95,0.21,6.03,000507
2024-12-03,000507,5.6,5.63,5.92,5.59,540498,312229057.54,5.97,1.81,0.1,5.99,000507
2024-12-04,000507,5.57,5.47,5.7,5.44,315073,175759458.86,4.62,-2.84,-0.16,3.49,000507
2024-12-05,000507,5.46,5.52,5.63,5.4,262807,146431191.4,4.2,0.91,0.05,2.91,000507
2024-12-06,000507,5.52,5.55,5.62,5.48,212169,119008802.0,2.54,0.54,0.03,2.35,000507
2024-12-09,000507,5.58,5.63,5.81,5.58,356485,203708069.68,4.14,1.44,0.08,3.95,000507
2024-12-10,000507,5.71,5.64,5.79,5.62,379514,219262812.27,3.02,0.18,0.01,4.21,000507
2024-12-11,000507,5.64,5.7,5.79,5.61,227890,131303181.19,3.19,1.06,0.06,2.53,000507
2024-12-12,000507,5.68,5.83,5.9,5.66,366130,214864655.53,4.21,2.28,0.13,4.06,000507
2024-12-13,000507,5.8,5.76,5.89,5.73,306479,179264064.4,2.74,-1.2,-0.07,3.4,000507
2024-12-16,000507,5.84,5.56,5.84,5.52,418523,237247882.88,5.56,-3.47,-0.2,4.64,000507
2024-12-17,000507,5.53,5.38,5.63,5.33,258671,141940887.19,5.4,-3.24,-0.18,2.87,000507
2024-12-18,000507,5.4,5.35,5.42,5.32,140317,76261523.0,1.86,-0.56,-0.03,1.56,000507
2024-12-19,000507,5.28,5.35,5.37,5.24,170223,91167884.8,2.43,0.0,0.0,1.89,000507
2024-12-20,000507,5.35,5.23,5.38,5.22,189696,101309922.2,2.99,-2.24,-0.12,2.1,000507
2024-12-23,000507,5.22,5.11,5.33,5.1,187193,98039187.34,4.4,-2.29,-0.12,2.07,000507
2024-12-24,000507,5.14,5.15,5.18,5.09,114481,59487084.62,1.76,0.78,0.04,1.27,000507
2024-12-25,000507,5.14,5.09,5.15,5.05,91110,46931653.82,1.94,-1.17,-0.06,1.01,000507
2024-12-26,000507,5.09,5.1,5.13,5.07,82428,42519325.44,1.18,0.2,0.01,0.91,000507
2024-12-27,000507,5.1,5.18,5.19,5.09,114401,59631497.89,1.96,1.57,0.08,1.27,000507
2024-12-30,000507,5.15,5.12,5.18,5.1,95944,49685100.0,1.54,-1.16,-0.06,1.06,000507
2024-12-31,000507,5.11,5.04,5.16,5.02,96725,49847972.0,2.73,-1.56,-0.08,1.07,000507
2025-01-02,000507,5.05,4.91,5.08,4.88,139041,70062563.33,3.97,-2.58,-0.13,1.54,000507
2025-01-03,000507,4.92,4.79,4.95,4.78,112459,55372944.94,3.46,-2.44,-0.12,1.25,000507
2025-01-06,000507,4.78,4.85,4.87,4.71,95119,46333165.04,3.34,1.25,0.06,1.05,000507
2025-01-07,000507,4.86,4.86,4.87,4.79,72018,35238759.0,1.65,0.21,0.01,0.8,000507
2025-01-08,000507,4.85,4.9,4.9,4.79,84141,41400542.31,2.26,0.82,0.04,0.93,000507
2025-01-09,000507,4.85,4.86,4.88,4.83,47408,23329779.95,1.02,-0.82,-0.04,0.53,000507
2025-01-10,000507,4.87,4.78,4.87,4.77,49868,24295427.8,2.06,-1.65,-0.08,0.55,000507
2025-01-13,000507,4.77,4.77,4.79,4.69,42303,20322995.7,2.09,-0.21,-0.01,0.47,000507
2025-01-14,000507,4.79,4.88,4.88,4.76,83851,41133272.09,2.52,2.31,0.11,0.93,000507
2025-01-15,000507,4.87,4.91,4.98,4.84,94675,47000422.3,2.87,0.61,0.03,1.05,000507
2025-01-16,000507,4.9,4.96,4.96,4.88,100268,50059876.0,1.63,1.02,0.05,1.11,000507
2025-01-17,000507,4.91,4.94,4.96,4.9,57309,28613890.0,1.21,-0.4,-0.02,0.64,000507
2025-01-20,000507,4.96,4.94,4.97,4.91,53577,26803310.0,1.21,0.0,0.0,0.59,000507
2025-01-21,000507,4.95,4.91,4.96,4.87,52380,26022629.09,1.82,-0.61,-0.03,0.58,000507
2025-01-22,000507,4.91,4.88,4.91,4.86,45240,22340681.38,1.02,-0.61,-0.03,0.5,000507
2025-01-23,000507,4.9,4.92,4.97,4.9,85856,42971297.33,1.43,0.82,0.04,0.95,000507
2025-01-24,000507,4.89,4.89,4.92,4.86,76979,38065745.0,1.22,-0.61,-0.03,0.85,000507
2025-01-27,000507,4.9,4.94,4.99,4.89,89256,44771275.52,2.04,1.02,0.05,0.99,000507
2025-02-05,000507,4.96,4.89,4.97,4.87,85243,42292823.02,2.02,-1.01,-0.05,0.94,000507
2025-02-06,000507,4.87,4.91,4.91,4.85,69915,34599036.6,1.23,0.41,0.02,0.77,000507
2025-02-07,000507,4.9,4.97,4.98,4.89,122810,61528568.52,1.83,1.22,0.06,1.36,000507
2025-02-10,000507,4.97,5.0,5.01,4.96,72691,36696753.74,1.01,0.6,0.03,0.81,000507
2025-02-11,000507,5.01,5.02,5.05,4.99,75155,38176179.72,1.2,0.4,0.02,0.83,000507
2025-02-12,000507,5.02,5.02,5.05,4.96,69001,34921945.85,1.79,0.0,0.0,0.76,000507
2025-02-13,000507,5.01,5.01,5.04,4.99,58360,29581617.29,1.0,-0.2,-0.01,0.65,000507
2025-02-14,000507,5.0,4.96,5.01,4.95,64084,32237161.84,1.2,-1.0,-0.05,0.71,000507
2025-02-17,000507,4.96,5.0,5.01,4.93,72852,36665180.45,1.61,0.81,0.04,0.81,000507
2025-02-18,000507,4.99,4.91,5.0,4.88,80586,40279799.0,2.4,-1.8,-0.09,0.89,000507
2025-02-19,000507,4.91,4.91,4.93,4.88,67768,33669632.82,1.02,0.0,0.0,0.75,000507
2025-02-20,000507,4.92,4.9,4.92,4.88,56523,28029222.16,0.81,-0.2,-0.01,0.63,000507
2025-02-21,000507,4.89,4.87,4.9,4.83,89610,44072886.7,1.43,-0.61,-0.03,0.99,000507
2025-02-24,000507,4.87,4.91,4.93,4.85,73972,36734894.22,1.64,0.82,0.04,0.82,000507
2025-02-25,000507,4.89,4.87,4.9,4.86,51809,25572326.7,0.81,-0.81,-0.04,0.57,000507
2025-02-26,000507,4.86,4.91,4.92,4.86,60691,30102226.0,1.23,0.82,0.04,0.67,000507
2025-02-27,000507,4.9,4.91,4.94,4.86,63926,31663630.94,1.63,0.0,0.0,0.71,000507
2025-02-28,000507,4.9,4.86,4.92,4.85,65385,32324874.04,1.43,-1.02,-0.05,0.72,000507
2025-03-03,000507,4.86,4.84,4.89,4.83,64611,31798262.0,1.23,-0.41,-0.02,0.72,000507
2025-03-04,000507,4.84,4.87,4.87,4.81,43461,21324701.31,1.24,0.62,0.03,0.48,000507
2025-03-05,000507,4.87,4.85,4.87,4.81,49193,24099309.43,1.23,-0.41,-0.02,0.55,000507
2025-03-06,000507,4.84,4.86,4.87,4.82,72011,35338615.49,1.03,0.21,0.01,0.8,000507
2025-03-07,000507,4.86,4.84,4.87,4.82,71329,35017491.93,1.03,-0.41,-0.02,0.79,000507
2025-03-10,000507,4.84,4.86,4.88,4.83,64638,31750996.31,1.03,0.41,0.02,0.72,000507
2025-03-11,000507,4.84,4.87,4.87,4.82,65370,32082796.44,1.03,0.21,0.01,0.72,000507
2025-03-12,000507,4.87,4.89,4.9,4.84,92124,45471585.58,1.23,0.41,0.02,1.02,000507
2025-03-13,000507,4.87,4.9,4.9,4.84,74851,36915777.3,1.23,0.2,0.01,0.83,000507
2025-03-14,000507,4.88,4.96,4.97,4.88,117554,58724457.98,1.84,1.22,0.06,1.3,000507
2025-03-17,000507,4.97,4.98,5.0,4.95,111338,56044884.23,1.01,0.4,0.02,1.23,000507
2025-03-18,000507,5.0,5.48,5.48,4.96,576392,315509095.73,10.44,10.04,0.5,6.39,000507
2025-03-19,000507,5.42,5.24,5.42,5.2,760395,406083141.79,4.01,-4.38,-0.24,8.43,000507
2025-03-20,000507,5.2,5.21,5.32,5.19,376958,199721870.13,2.48,-0.57,-0.03,4.18,000507
2025-03-21,000507,5.19,5.33,5.38,5.19,530619,284622124.9,3.65,2.3,0.12,5.88,000507
2025-03-24,000507,5.33,5.45,5.45,5.24,568452,307494855.71,3.94,2.25,0.12,6.3,000507
2025-03-25,000507,5.41,5.36,5.64,5.31,566151,311441672.11,6.06,-1.65,-0.09,6.27,000507
2025-03-26,000507,5.34,5.51,5.6,5.25,515284,281953640.94,6.53,2.8,0.15,5.71,000507
2025-03-27,000507,5.42,5.34,5.51,5.34,331827,181028982.92,3.09,-3.09,-0.17,3.68,000507
2025-03-28,000507,5.32,5.27,5.4,5.18,297549,158148394.6,4.12,-1.31,-0.07,3.3,000507
2025-03-31,000507,5.22,5.11,5.26,5.09,227382,118542618.18,3.23,-3.04,-0.16,2.52,000507
2025-04-01,000507,5.11,5.14,5.18,5.11,151127,78631184.95,1.37,0.59,0.03,1.67,000507
2025-04-02,000507,5.16,5.09,5.16,5.08,140784,72711809.24,1.56,-0.97,-0.05,1.56,000507
2025-04-03,000507,5.01,5.17,5.22,5.01,194870,101256845.46,4.13,1.57,0.08,2.16,000507
2025-04-07,000507,4.9,4.65,4.99,4.65,240605,116854370.8,6.58,-10.06,-0.52,2.67,000507
2025-04-08,000507,4.64,4.88,5.03,4.61,315373,152855808.5,9.03,4.95,0.23,3.5,000507
2025-04-09,000507,4.83,5.37,5.37,4.73,626898,322292424.81,13.11,10.04,0.49,6.95,000507
2025-04-10,000507,5.28,5.35,5.46,5.19,731900,396032407.22,5.03,-0.37,-0.02,8.11,000507
2025-04-11,000507,5.29,5.5,5.74,5.29,882446,491032310.28,8.41,2.8,0.15,9.78,000507
2025-04-14,000507,5.34,5.45,5.54,5.31,587308,322634749.16,4.18,-0.91,-0.05,6.51,000507
2025-04-15,000507,5.45,5.25,5.45,5.18,429829,228995975.08,4.95,-3.67,-0.2,4.76,000507
2025-04-16,000507,5.23,5.53,5.62,5.21,697575,384556774.02,7.81,5.33,0.28,7.73,000507
2025-04-17,000507,5.48,5.57,5.71,5.43,647244,362499265.58,5.06,0.72,0.04,7.17,000507
2025-04-18,000507,5.49,5.37,5.54,5.36,390251,214168115.25,3.23,-3.59,-0.2,4.32,000507
2025-04-21,000507,5.42,5.32,5.43,5.25,341977,183368799.35,3.35,-0.93,-0.05,3.79,000507
2025-04-22,000507,5.38,5.62,5.69,5.36,800285,448866393.26,6.2,5.64,0.3,8.87,000507
2025-04-23,000507,5.51,5.42,5.52,5.38,514057,282366343.0,2.49,-3.56,-0.2,5.7,000507
2025-04-24,000507,5.36,5.41,5.44,5.32,286576,155619540.4,2.21,-0.18,-0.01,3.18,000507
2025-04-25,000507,5.44,5.49,5.62,5.29,466965,257698844.4,6.1,1.48,0.08,5.17,000507
2025-04-28,000507,5.56,5.51,5.64,5.43,491796,275515764.82,3.83,0.36,0.02,5.45,000507
2025-04-29,000507,5.41,5.37,5.43,5.3,276551,149966652.75,2.36,-2.54,-0.14,3.06,000507
2025-04-30,000507,5.39,5.2,5.41,5.2,283043,151270635.92,3.91,-3.17,-0.17,3.14,000507
2025-05-06,000507,5.23,5.27,5.27,5.2,168515,89532470.94,1.35,1.35,0.07,1.87,000507
2025-05-07,000507,5.3,5.28,5.33,5.25,183109,97810469.56,1.52,0.19,0.01,2.03,000507
2025-05-08,000507,5.26,5.27,5.28,5.23,127451,67854137.0,0.95,-0.19,-0.01,1.41,000507
2025-05-09,000507,5.26,5.21,5.27,5.2,117664,62183034.0,1.33,-1.14,-0.06,1.3,000507
2025-05-12,000507,5.24,5.24,5.25,5.21,107238,56723551.0,0.77,0.58,0.03,1.19,000507
2025-05-13,000507,5.31,5.58,5.63,5.3,702840,387804264.71,6.3,6.49,0.34,7.79,000507
2025-05-14,000507,5.5,5.83,6.11,5.46,1273078,744705888.7,11.65,4.48,0.25,14.11,000507
2025-05-15,000507,5.84,5.68,6.12,5.62,1050591,621511002.34,8.58,-2.57,-0.15,11.64,000507
2025-05-16,000507,5.73,5.54,5.81,5.51,732176,414368142.62,5.28,-2.46,-0.14,8.11,000507
2025-05-19,000507,5.56,6.1,6.1,5.56,465950,282865389.26,9.75,10.11,0.56,5.16,000507
2025-05-20,000507,6.34,5.92,6.52,5.92,1569829,981283911.11,9.84,-2.95,-0.18,17.4,000507
2025-05-21,000507,5.83,6.07,6.22,5.67,1085662,655449641.47,9.29,2.53,0.15,12.03,000507
2025-05-22,000507,5.84,5.91,6.06,5.68,849246,497046620.46,6.26,-2.64,-0.16,9.41,000507
2025-05-23,000507,5.76,5.61,5.8,5.55,575599,329374496.11,4.23,-5.08,-0.3,6.38,000507
2025-05-26,000507,5.57,5.48,5.63,5.45,386824,215717466.97,3.21,-2.32,-0.13,4.29,000507
2025-05-27,000507,5.44,5.49,5.52,5.39,302029,166523820.18,2.37,0.18,0.01,3.35,000507
2025-05-28,000507,5.45,5.42,5.5,5.4,262198,144336395.44,1.82,-1.28,-0.07,2.91,000507
2025-05-29,000507,5.42,5.47,5.52,5.41,265051,146421588.32,2.03,0.92,0.05,2.94,000507
2025-05-30,000507,5.44,5.41,5.55,5.4,238222,131552068.54,2.74,-1.1,-0.06,2.64,000507
2025-06-03,000507,5.38,5.4,5.42,5.34,196942,107323208.92,1.48,-0.18,-0.01,2.18,000507
2025-06-04,000507,5.41,5.49,5.49,5.38,204160,112181926.06,2.04,1.67,0.09,2.26,000507
2025-06-05,000507,5.48,5.4,5.48,5.39,195255,107108726.5,1.64,-1.64,-0.09,2.16,000507
2025-06-06,000507,5.4,5.42,5.45,5.39,154517,84813293.98,1.11,0.37,0.02,1.71,000507
2025-06-09,000507,5.42,5.43,5.44,5.39,155675,85195403.0,0.92,0.18,0.01,1.73,000507
2025-06-10,000507,5.43,5.79,5.82,5.41,807054,459207896.26,7.55,6.63,0.36,8.94,000507
2025-06-11,000507,5.74,5.66,5.88,5.57,681994,391175973.32,5.35,-2.25,-0.13,7.56,000507
2025-06-12,000507,5.59,5.56,5.63,5.51,311362,174602433.47,2.12,-1.77,-0.1,3.45,000507
2025-06-13,000507,5.55,5.57,5.7,5.51,361978,205093816.02,3.42,0.18,0.01,4.01,000507
2025-06-16,000507,5.6,5.74,5.79,5.54,477062,274554689.2,4.49,3.05,0.17,5.29,000507
2025-06-17,000507,5.68,5.68,5.72,5.57,355385,202500713.3,2.61,-1.05,-0.06,3.94,000507
2025-06-18,000507,5.66,5.59,5.75,5.55,279274,158656891.88,3.52,-1.58,-0.09,3.09,000507
2025-06-19,000507,5.54,5.35,5.57,5.33,322748,176504424.3,4.29,-4.29,-0.24,3.58,000507
2025-06-20,000507,5.38,5.44,5.54,5.34,269145,146814234.32,3.74,1.68,0.09,2.98,000507
2025-06-23,000507,5.59,5.72,5.8,5.59,586147,333646215.14,3.86,5.15,0.28,6.5,000507
2025-06-24,000507,5.53,5.55,5.58,5.45,461085,255335425.05,2.27,-2.97,-0.17,5.11,000507
2025-06-25,000507,5.55,5.53,5.57,5.49,252657,139687266.39,1.44,-0.36,-0.02,2.8,000507
2025-06-26,000507,5.52,5.49,5.53,5.47,211691,116339311.3,1.08,-0.72,-0.04,2.35,000507
2025-06-27,000507,5.48,5.49,5.51,5.46,145505,79857506.6,0.91,0.0,0.0,1.61,000507
2025-06-30,000507,5.5,5.49,5.5,5.46,126302,69206926.34,0.73,0.0,0.0,1.4,000507
2025-07-01,000507,5.48,5.53,5.54,5.48,188826,104129019.0,1.09,0.73,0.04,2.09,000507
2025-07-02,000507,5.64,5.55,5.69,5.53,247684,138300907.58,2.89,0.36,0.02,2.74,000507
2025-07-03,000507,5.53,5.56,5.56,5.51,141139,78123758.73,0.9,0.18,0.01,1.56,000507
2025-07-04,000507,5.55,5.54,5.59,5.53,168467,93782408.0,1.08,-0.36,-0.02,1.87,000507
2025-07-07,000507,5.53,5.54,5.55,5.48,124659,68737589.75,1.26,0.0,0.0,1.38,000507
2025-07-08,000507,5.54,5.6,5.61,5.52,218540,121631769.75,1.62,1.08,0.06,2.42,000507
2025-07-09,000507,5.57,5.57,5.64,5.55,177926,99478894.41,1.61,-0.54,-0.03,1.97,000507
2025-07-10,000507,5.55,5.61,5.62,5.55,153628,85945943.78,1.26,0.72,0.04,1.7,000507
2025-07-11,000507,5.6,5.61,5.63,5.56,182174,102008089.52,1.25,0.0,0.0,2.02,000507
2025-07-14,000507,5.62,5.64,5.68,5.6,192819,108890948.85,1.43,0.53,0.03,2.14,000507
2025-07-15,000507,5.63,5.54,5.65,5.51,219388,121934908.41,2.48,-1.77,-0.1,2.43,000507
2025-07-16,000507,5.53,5.52,5.56,5.48,124579,68852930.0,1.44,-0.36,-0.02,1.38,000507
2025-07-17,000507,5.51,5.52,5.53,5.49,123939,68322399.77,0.72,0.0,0.0,1.37,000507
2025-07-18,000507,5.52,5.51,5.53,5.49,98762,54371072.8,0.72,-0.18,-0.01,1.09,000507
2025-07-21,000507,5.51,5.59,5.59,5.5,168646,93658377.34,1.63,1.45,0.08,1.87,000507
2025-07-22,000507,5.59,5.64,5.65,5.55,254245,142563785.1,1.79,0.89,0.05,2.82,000507
2025-07-23,000507,5.63,5.61,5.66,5.6,196818,110859900.6,1.06,-0.53,-0.03,2.18,000507
2025-07-24,000507,5.6,5.68,5.69,5.58,224584,127041908.68,1.96,1.25,0.07,2.49,000507
2025-07-25,000507,5.68,5.63,5.69,5.62,161498,91222983.0,1.23,-0.88,-0.05,1.79,000507
2025-07-28,000507,5.64,5.58,5.64,5.57,145227,81134114.76,1.24,-0.89,-0.05,1.61,000507
2025-07-29,000507,5.57,5.54,5.58,5.49,166129,91750390.0,1.61,-0.72,-0.04,1.84,000507
2025-07-30,000507,5.53,5.57,5.61,5.52,158364,88231554.1,1.62,0.54,0.03,1.76,000507
2025-07-31,000507,5.55,5.42,5.56,5.41,223775,122228018.0,2.69,-2.69,-0.15,2.48,000507
2025-08-01,000507,5.43,5.46,5.49,5.43,90270,49321709.8,1.11,0.74,0.04,1.0,000507
2025-08-04,000507,5.43,5.46,5.48,5.42,98673,53814218.96,1.1,0.0,0.0,1.09,000507
2025-08-05,000507,5.45,5.51,5.51,5.45,113053,62097259.66,1.1,0.92,0.05,1.25,000507
2025-08-06,000507,5.5,5.49,5.51,5.45,90314,49466305.9,1.09,-0.36,-0.02,1.0,000507
2025-08-07,000507,5.49,5.52,5.53,5.47,109876,60497530.55,1.09,0.55,0.03,1.22,000507
2025-08-08,000507,5.52,5.53,5.54,5.5,99069,54689613.94,0.72,0.18,0.01,1.1,000507
2025-08-11,000507,5.52,5.7,5.87,5.5,434835,246708600.71,6.69,3.07,0.17,4.82,000507
2025-08-12,000507,5.7,5.65,5.74,5.61,365232,206803071.36,2.28,-0.88,-0.05,4.05,000507
2025-08-13,000507,5.65,5.61,5.66,5.58,220574,123775223.0,1.42,-0.71,-0.04,2.44,000507
2025-08-14,000507,5.61,5.56,5.68,5.54,211685,118722202.84,2.5,-0.89,-0.05,2.35,000507
2025-08-15,000507,5.55,5.58,5.6,5.52,136253,75878664.39,1.44,0.36,0.02,1.51,000507
2025-08-18,000507,5.58,5.59,5.61,5.55,183285,102283777.04,1.08,0.18,0.01,2.03,000507
2025-08-19,000507,5.58,5.6,5.6,5.55,133042,74094971.37,0.89,0.18,0.01,1.47,000507
2025-08-20,000507,5.59,5.61,5.61,5.55,110745,61788134.45,1.07,0.18,0.01,1.23,000507
2025-08-21,000507,5.61,5.62,5.64,5.59,178997,100584158.11,0.89,0.18,0.01,1.98,000507
2025-08-22,000507,5.62,5.6,5.64,5.56,137356,76777754.02,1.42,-0.36,-0.02,1.52,000507
2025-08-25,000507,5.61,5.65,5.66,5.59,208430,117291234.8,1.25,0.89,0.05,2.31,000507
2025-08-26,000507,5.63,5.65,5.66,5.62,139768,78868384.2,0.71,0.0,0.0,1.55,000507
2025-08-27,000507,5.65,5.54,5.66,5.54,175802,98498545.08,2.12,-1.95,-0.11,1.95,000507
2025-08-28,000507,5.53,5.53,5.58,5.42,162434,89441509.8,2.89,-0.18,-0.01,1.8,000507
2025-08-29,000507,5.53,5.52,5.56,5.5,105823,58505833.0,1.08,-0.18,-0.01,1.17,000507
2025-09-01,000507,5.48,5.5,5.51,5.46,105298,57769055.35,0.91,-0.36,-0.02,1.17,000507
2025-09-02,000507,5.5,5.48,5.52,5.44,105759,57941931.46,1.45,-0.36,-0.02,1.17,000507
2025-09-03,000507,5.47,5.43,5.48,5.42,86885,47278421.34,1.09,-0.91,-0.05,0.96,000507
2025-09-04,000507,5.41,5.41,5.45,5.38,121225,65614328.36,1.29,-0.37,-0.02,1.34,000507
2025-09-05,000507,5.42,5.44,5.45,5.38,77819,42186138.61,1.29,0.55,0.03,0.86,000507
2025-09-08,000507,5.44,5.5,5.51,5.42,103590,56829717.9,1.65,1.1,0.06,1.15,000507
2025-09-09,000507,5.49,5.47,5.49,5.44,72681,39720461.37,0.91,-0.55,-0.03,0.81,000507
2025-09-10,000507,5.45,5.46,5.47,5.42,53739,29270880.66,0.91,-0.18,-0.01,0.6,000507
2025-09-11,000507,5.45,5.49,5.49,5.42,65966,35976191.16,1.28,0.55,0.03,0.73,000507
2025-09-12,000507,5.49,5.5,5.51,5.47,86584,47542699.45,0.73,0.18,0.01,0.96,000507
2025-09-15,000507,5.49,5.48,5.51,5.45,61637,33730905.5,1.09,-0.36,-0.02,0.68,000507
2025-09-16,000507,5.49,5.52,5.53,5.46,131670,72500305.92,1.28,0.73,0.04,1.46,000507
2025-09-17,000507,5.52,5.53,5.54,5.48,102212,56404942.4,1.09,0.18,0.01,1.13,000507
2025-09-18,000507,5.52,5.43,5.53,5.4,123991,67769678.72,2.35,-1.81,-0.1,1.37,000507
2025-09-19,000507,5.43,5.46,5.51,5.42,85860,46847965.68,1.66,0.55,0.03,0.95,000507
2025-09-22,000507,5.43,5.37,5.45,5.35,91797,49436006.84,1.83,-1.65,-0.09,1.02,000507
2025-09-23,000507,5.36,5.42,5.45,5.34,126744,68453800.78,2.05,0.93,0.05,1.4,000507
2025-09-24,000507,5.37,5.43,5.48,5.35,85227,46259521.88,2.4,0.18,0.01,0.94,000507
2025-09-25,000507,5.42,5.38,5.42,5.36,74632,40164232.02,1.1,-0.92,-0.05,0.83,000507
2025-09-26,000507,5.37,5.37,5.39,5.36,53831,28921798.91,0.56,-0.19,-0.01,0.6,000507
2025-09-29,000507,5.37,5.36,5.37,5.32,61822,33075986.68,0.93,-0.19,-0.01,0.69,000507
2025-09-30,000507,5.36,5.34,5.37,5.33,50061,26751662.0,0.75,-0.37,-0.02,0.55,000507
2025-10-09,000507,5.34,5.37,5.37,5.32,73927,39493994.75,0.94,0.56,0.03,0.82,000507
2025-10-10,000507,5.36,5.43,5.44,5.35,122783,66350435.21,1.68,1.12,0.06,1.36,000507
2025-10-13,000507,5.34,5.44,5.46,5.3,123537,66655951.9,2.95,0.18,0.01,1.37,000507
2025-10-14,000507,5.45,5.5,5.53,5.42,194126,106356241.52,2.02,1.1,0.06,2.15,000507
2025-10-15,000507,5.5,5.46,5.5,5.43,110380,60226328.88,1.27,-0.73,-0.04,1.22,000507
2025-10-16,000507,5.45,5.48,5.52,5.42,135899,74241682.41,1.83,0.37,0.02,1.51,000507
2025-10-17,000507,5.47,5.44,5.52,5.43,137866,75548630.7,1.64,-0.73,-0.04,1.53,000507
2025-10-20,000507,5.46,5.48,5.49,5.42,93463,50969521.38,1.29,0.74,0.04,1.04,000507
2025-10-21,000507,5.46,5.53,5.54,5.44,142346,78456181.12,1.82,0.91,0.05,1.58,000507
2025-10-22,000507,5.52,5.54,5.57,5.51,132742,73563749.84,1.08,0.18,0.01,1.47,000507
2025-10-23,000507,5.54,5.63,5.67,5.53,318412,178567197.08,2.53,1.62,0.09,3.53,000507
2025-10-24,000507,5.63,5.54,5.63,5.53,211588,117622906.98,1.78,-1.6,-0.09,2.34,000507
2025-10-27,000507,5.54,5.56,5.59,5.51,130049,72199676.0,1.44,0.36,0.02,1.44,000507
2025-10-28,000507,5.54,5.6,5.62,5.53,139923,78177456.34,1.62,0.72,0.04,1.55,000507
2025-10-29,000507,5.65,5.59,5.65,5.53,131925,73562544.8,2.14,-0.18,-0.01,1.46,000507
2025-10-30,000507,5.58,5.59,5.63,5.56,153441,85927002.51,1.25,0.0,0.0,1.7,000507
2025-10-31,000507,5.59,5.52,5.6,5.51,144272,79796218.0,1.61,-1.25,-0.07,1.6,000507
2025-11-03,000507,5.51,5.54,5.57,5.51,91326,50626896.0,1.09,0.36,0.02,1.01,000507
2025-11-04,000507,5.55,5.6,5.63,5.53,158363,88652109.83,1.81,1.08,0.06,1.76,000507
2025-11-05,000507,5.56,5.62,5.64,5.56,150235,84377758.24,1.43,0.36,0.02,1.66,000507
2025-11-06,000507,5.63,5.62,5.64,5.59,120570,67747176.7,0.89,0.0,0.0,1.34,000507
2025-11-07,000507,5.65,5.64,5.66,5.61,122734,69179703.89,0.89,0.36,0.02,1.36,000507
2025-11-10,000507,5.65,5.66,5.67,5.61,111147,62774308.15,1.06,0.35,0.02,1.23,000507
2025-11-11,000507,5.66,5.68,5.69,5.64,120768,68484487.17,0.88,0.35,0.02,1.34,000507
2025-11-12,000507,5.68,5.66,5.69,5.63,111916,63250436.92,1.06,-0.35,-0.02,1.24,000507
2025-11-13,000507,5.66,5.69,5.7,5.62,146766,83004132.84,1.41,0.53,0.03,1.63,000507
2025-11-14,000507,5.66,5.71,5.75,5.66,185862,106367182.95,1.58,0.35,0.02,2.06,000507
2025-11-17,000507,5.7,5.69,5.73,5.65,123919,70405440.38,1.4,-0.35,-0.02,1.37,000507
2025-11-18,000507,5.66,5.56,5.69,5.53,138185,77088230.66,2.81,-2.28,-0.13,1.53,000507
2025-11-19,000507,5.57,5.48,5.58,5.48,99974,55087065.12,1.8,-1.44,-0.08,1.11,000507
2025-11-20,000507,5.5,5.52,5.55,5.48,117517,64741259.0,1.28,0.73,0.04,1.3,000507
2025-11-21,000507,5.5,5.31,5.51,5.31,232819,125449643.0,3.62,-3.8,-0.21,2.58,000507
2025-11-24,000507,5.33,5.3,5.36,5.26,164866,87385581.0,1.88,-0.19,-0.01,1.83,000507
2025-11-25,000507,5.31,5.31,5.36,5.25,129903,69041581.86,2.08,0.19,0.01,1.44,000507
2025-11-26,000507,5.31,5.3,5.35,5.28,87341,46467667.6,1.32,-0.19,-0.01,0.97,000507
2025-11-27,000507,5.3,5.3,5.34,5.27,78362,41550993.3,1.32,0.0,0.0,0.87,000507
2025-11-28,000507,5.3,5.32,5.33,5.27,66037,34984371.77,1.13,0.38,0.02,0.73,000507
2025-12-01,000507,5.32,5.35,5.36,5.31,87430,46737213.54,0.94,0.56,0.03,0.97,000507
2025-12-02,000507,5.34,5.36,5.37,5.3,82326,43988103.72,1.31,0.19,0.01,0.91,000507
2025-12-03,000507,5.36,5.38,5.38,5.33,83230,44610064.15,0.93,0.37,0.02,0.92,000507
2025-12-04,000507,5.38,5.32,5.4,5.32,81075,43342268.0,1.49,-1.12,-0.06,0.9,000507
2025-12-05,000507,5.32,5.34,5.35,5.29,75771,40283099.34,1.13,0.38,0.02,0.84,000507
2025-12-08,000507,5.34,5.36,5.38,5.33,81320,43514813.3,0.94,0.37,0.02,0.9,000507
2025-12-09,000507,5.34,5.32,5.36,5.3,84249,44894822.53,1.12,-0.75,-0.04,0.93,000507
2025-12-10,000507,5.3,5.37,5.37,5.3,92044,49154314.46,1.32,0.94,0.05,1.02,000507
2025-12-11,000507,5.38,5.24,5.38,5.24,130776,69142490.6,2.61,-2.42,-0.13,1.45,000507
2025-12-12,000507,5.24,5.22,5.28,5.22,75726,39743254.44,1.15,-0.38,-0.02,0.84,000507
2025-12-15,000507,5.22,5.23,5.25,5.19,54479,28457838.14,1.15,0.19,0.01,0.6,000507
2025-12-16,000507,5.23,5.17,5.23,5.15,64042,33146291.6,1.53,-1.15,-0.06,0.71,000507
2025-12-17,000507,5.16,5.15,5.17,5.08,73857,37885812.3,1.74,-0.39,-0.02,0.82,000507
2025-12-18,000507,5.13,5.18,5.19,5.12,57586,29778884.9,1.36,0.58,0.03,0.64,000507
2025-12-19,000507,5.18,5.24,5.24,5.16,60484,31562552.06,1.54,1.16,0.06,0.67,000507
2025-12-22,000507,5.22,5.32,5.32,5.22,85136,44979485.9,1.91,1.53,0.08,0.94,000507
2025-12-23,000507,5.3,5.25,5.33,5.23,62338,32836587.27,1.88,-1.32,-0.07,0.69,000507
2025-12-24,000507,5.23,5.27,5.27,5.22,45846,24091566.0,0.95,0.38,0.02,0.51,000507
2025-12-25,000507,5.28,5.35,5.42,5.28,137314,73300367.5,2.66,1.52,0.08,1.52,000507
2025-12-26,000507,5.34,5.32,5.39,5.32,76259,40725922.8,1.31,-0.56,-0.03,0.85,000507
2025-12-29,000507,5.33,5.28,5.34,5.28,59987,31767872.0,1.13,-0.75,-0.04,0.66,000507
2025-12-30,000507,5.27,5.21,5.28,5.2,80099,41861549.0,1.52,-1.33,-0.07,0.89,000507
2025-12-31,000507,5.21,5.21,5.25,5.2,53917,28164221.1,0.96,0.0,0.0,0.6,000507
